,continent_name,normalized_compound_value,model_name
0,Africa,0.1251089138433261,dalle2
1,Asia,0.18401908787722787,dalle2
2,Europe,0.08862783657595215,dalle2
3,North America,0.03917569700993165,dalle2
4,Oceania,-0.07873220336866045,dalle2
5,South America,0.3072606417537677,dalle2
0,Africa,0.12467538687434357,sd21
1,Asia,0.2394961724133512,sd21
2,Europe,0.10054009031172773,sd21
3,North America,0.03752274290291652,sd21
4,Oceania,0.1252283876177533,sd21
5,South America,0.17810240621015536,sd21
