,continent_name,normalized_compound_value,model_name
0,Africa,0.08871489909052886,dalle3
1,Asia,0.21522664446991852,dalle3
2,Europe,0.10520677325940626,dalle3
3,North America,0.05925679469675992,dalle3
4,Oceania,-0.013799952903044692,dalle3
5,South America,0.19234132440452767,dalle3
