,continent_name,normalized_compound_value,model_name
0,Africa,-0.06746689483561194,dalle3
1,Asia,-0.011822502429161942,dalle3
2,Europe,0.014379971887888095,dalle3
3,North America,-0.04529371541898475,dalle3
4,Oceania,-0.002334029648511778,dalle3
5,South America,0.04177950366441793,dalle3
