,continent_name,normalized_compound_value,model_name
0,Africa,0.17634352802051192,dalle3
1,Asia,0.22502786813319567,dalle3
2,Europe,0.09128036695769515,dalle3
3,North America,0.10156997668526863,dalle3
4,Oceania,-0.0009256425939061804,dalle3
5,South America,0.1497756636503687,dalle3
